# ************************************************************
# Sequel Pro SQL dump
# Version 4541
#
# http://www.sequelpro.com/
# https://github.com/sequelpro/sequelpro
#
# Host: is5108group-4.host.cs.st-andrews.ac.uk (MySQL 5.5.5-10.2.14-MariaDB)
# Database: is5108group-4__digdata
# Generation Time: 2018-04-27 17:10:05 +0000
# ************************************************************


/*!40101 SET @OLD_CHARACTER_SET_CLIENT=@@CHARACTER_SET_CLIENT */;
/*!40101 SET @OLD_CHARACTER_SET_RESULTS=@@CHARACTER_SET_RESULTS */;
/*!40101 SET @OLD_COLLATION_CONNECTION=@@COLLATION_CONNECTION */;
/*!40101 SET NAMES utf8 */;
/*!40014 SET @OLD_FOREIGN_KEY_CHECKS=@@FOREIGN_KEY_CHECKS, FOREIGN_KEY_CHECKS=0 */;
/*!40101 SET @OLD_SQL_MODE=@@SQL_MODE, SQL_MODE='NO_AUTO_VALUE_ON_ZERO' */;
/*!40111 SET @OLD_SQL_NOTES=@@SQL_NOTES, SQL_NOTES=0 */;


# Dump of table Context_Links
# ------------------------------------------------------------

DROP TABLE IF EXISTS `Context_Links`;

CREATE TABLE `Context_Links` (
  `ContextID1` int(11) NOT NULL,
  `ContextID2` int(11) NOT NULL,
  KEY `ContextID1` (`ContextID1`),
  KEY `ContextID2` (`ContextID2`),
  CONSTRAINT `Context_Links_ibfk_1` FOREIGN KEY (`ContextID1`) REFERENCES `Context_Records` (`ContextID`),
  CONSTRAINT `Context_Links_ibfk_2` FOREIGN KEY (`ContextID2`) REFERENCES `Context_Records` (`ContextID`)
) ENGINE=InnoDB DEFAULT CHARSET=utf8 COLLATE=utf8_bin;

LOCK TABLES `Context_Links` WRITE;
/*!40000 ALTER TABLE `Context_Links` DISABLE KEYS */;

INSERT INTO `Context_Links` (`ContextID1`, `ContextID2`)
VALUES
	(3,4);

/*!40000 ALTER TABLE `Context_Links` ENABLE KEYS */;
UNLOCK TABLES;


# Dump of table Context_Records
# ------------------------------------------------------------

DROP TABLE IF EXISTS `Context_Records`;

CREATE TABLE `Context_Records` (
  `ContextID` int(20) NOT NULL AUTO_INCREMENT,
  `SiteCode` int(10) NOT NULL,
  `Trench` varchar(10) COLLATE utf8_bin NOT NULL,
  `ContextNum` int(11) NOT NULL,
  `Description` text COLLATE utf8_bin NOT NULL,
  `Interpretation` text COLLATE utf8_bin NOT NULL,
  PRIMARY KEY (`ContextID`),
  KEY `SiteCode` (`SiteCode`),
  CONSTRAINT `Context_Records_ibfk_1` FOREIGN KEY (`SiteCode`) REFERENCES `Site` (`SiteCode`)
) ENGINE=InnoDB DEFAULT CHARSET=utf8 COLLATE=utf8_bin;

LOCK TABLES `Context_Records` WRITE;
/*!40000 ALTER TABLE `Context_Records` DISABLE KEYS */;

INSERT INTO `Context_Records` (`ContextID`, `SiteCode`, `Trench`, `ContextNum`, `Description`, `Interpretation`)
VALUES
	(3,1,X'747231',1,X'54686973206973206C6F7665',X'42617463617665'),
	(4,1,X'747231',2,X'5365636F6E6420636F6E74657874',X'476F7468616D2043697479'),
	(5,3,X'747232',1,X'546869726420636F6E74657874',''),
	(6,2,X'747231',1,X'546869726420636F6E74657874',''),
	(7,2,X'747231',2,X'5465737420636F6E74657874',''),
	(8,2,X'747231',3,X'7467666A75796F69386F',''),
	(9,2,X'747231',4,X'6E646B676A666B62676A666467',''),
	(10,3,X'747232',2,X'6E64666A676268676766686A68796A6B',''),
	(11,2,X'747232',1,X'633131',''),
	(12,5,X'747231',1,X'4F6C796D7075732077696C6C207072657661696C21',''),
	(13,3,X'747232',3,X'633133',''),
	(14,2,X'747231',5,X'747474747474747474747474747474747474747474',''),
	(15,2,X'747231',6,X'747474747474747474747474747474747474747474',''),
	(16,11,X'747231',1,X'6E657720636F6E7465787420666F7220747231',''),
	(17,12,X'747231',1,X'6E6577207472656E6368206F66204A61636B436F6C65',''),
	(18,2,X'747231',7,X'747474747474747474747474747474747474747474',''),
	(19,12,X'747232',1,X'7465737420706F7374206D6574686F64',''),
	(29,12,X'747232',2,X'5465737420696E746572707265746174696F6E',X'54686973206973207570706572206C6179657220736F696C'),
	(30,13,X'747231',1,X'676664666A67686766686768',''),
	(31,13,X'747231',2,X'546573742073696E676C652071756F7465272720616E6420446F75626C65202222',X'696E746572');

/*!40000 ALTER TABLE `Context_Records` ENABLE KEYS */;
UNLOCK TABLES;


# Dump of table Finds
# ------------------------------------------------------------

DROP TABLE IF EXISTS `Finds`;

CREATE TABLE `Finds` (
  `FindID` int(20) NOT NULL AUTO_INCREMENT,
  `UserID` int(20) NOT NULL,
  `ContextID` int(20) NOT NULL,
  `Description` text COLLATE utf8_bin NOT NULL,
  `Type` varchar(20) COLLATE utf8_bin NOT NULL,
  `Date` date NOT NULL,
  `Name` varchar(100) COLLATE utf8_bin DEFAULT NULL,
  `LastModified` date DEFAULT NULL,
  `ModifiedBy` varchar(100) COLLATE utf8_bin DEFAULT NULL,
  PRIMARY KEY (`FindID`),
  KEY `ContextID` (`ContextID`),
  KEY `UserID` (`UserID`),
  CONSTRAINT `Context` FOREIGN KEY (`ContextID`) REFERENCES `Context_Records` (`ContextID`),
  CONSTRAINT `Founder` FOREIGN KEY (`UserID`) REFERENCES `Users` (`UserID`)
) ENGINE=InnoDB DEFAULT CHARSET=utf8 COLLATE=utf8_bin;

LOCK TABLES `Finds` WRITE;
/*!40000 ALTER TABLE `Finds` DISABLE KEYS */;

INSERT INTO `Finds` (`FindID`, `UserID`, `ContextID`, `Description`, `Type`, `Date`, `Name`, `LastModified`, `ModifiedBy`)
VALUES
	(1,1,3,X'4261746D6F62696C65',X'4D6574616C','2018-03-14',X'4261746D6F62696C65','2018-04-24',X'7068757269776174'),
	(2,1,3,X'6E65772046696E64732032',X'4D6574616C','2018-03-14',X'437570','2018-04-26',X'7068757269776174'),
	(4,1,12,X'506F736569646F6E2074726964656E742069732074686520776561706F6E206F6620476F64206F6620746865207365612C20506F736569646F6E',X'4D6574616C','2018-04-23',X'506F736569646F6E2074726964656E74','2018-04-26',X'7068757269776174'),
	(5,1,3,X'61736467617364676461736664617366',X'576F6F64','2018-03-08',X'56617365',NULL,NULL),
	(6,1,4,X'4A61636B2074686520726970706572206B6E696665',X'4D6574616C','2018-03-08',X'4A61636B2054686520726970706572206B6E696665','2018-04-24',X'7068757269776174'),
	(8,2,4,X'492062656C6965766520492063616E20666C792E2E2E656469746564',X'4D6574616C','2018-03-27',X'43726F776E',NULL,NULL),
	(9,2,12,X'6764686466686664682E2E2E616E6F7468657220736E65616B792065646974203A29',X'4D6574616C','2018-03-27',X'5A6575732773206C69676874696E67','2018-04-26',X'696E7468756368'),
	(12,9,12,X'54686973206973207468652074657374207265636F72642E2E2E656469746564212121',X'526F636B','2018-04-01',X'455843414C49425552',NULL,NULL),
	(18,2,17,X'4D6574616C2070686F746F206672616D65206578636176617465642066726F6D204A61636B436F6C65',X'4D6574616C','2018-04-11',X'54484F52E28099532048414D4D4552','2018-04-24',X'7068757269776174'),
	(64,2,13,X'577265636B6564207368697020696E204265726D75646120747269616E676C65',X'4D6574616C','2018-04-23',X'577265636B65642073686970','2018-04-24',X'7068757269776174'),
	(72,2,3,X'49274D204241544D414E20203C2D2D2D204669782073696E676C652071756F74652070726F626C656D',X'4D6574616C','2018-04-23',X'4261746D616E','2018-04-23',X'7068757269776174'),
	(79,2,31,X'6261746D616E277320706C616E65',X'4D6574616C','2018-04-24',X'62617477696E67','2018-04-24',X'7068757269776174'),
	(85,2,3,X'4261746D616E204C65676F20746865206D6F766965',X'4D6574616C','2018-04-25',X'4C65676F','2018-04-26',X'7068757269776174'),
	(86,7,12,X'4B7261746F73277320776561706F6E',X'4D6574616C','2018-04-25',X'426C616465206F66206368616F73',NULL,NULL),
	(87,7,12,X'54686520776561706F6E20746861742064656665617465642074686520746974616E73',X'4D6574616C','2018-04-25',X'426C616465206F66206F6C796D707573','2018-04-25',X'696E7468756368');

/*!40000 ALTER TABLE `Finds` ENABLE KEYS */;
UNLOCK TABLES;


# Dump of table Photos
# ------------------------------------------------------------

DROP TABLE IF EXISTS `Photos`;

CREATE TABLE `Photos` (
  `FrameID` int(20) NOT NULL AUTO_INCREMENT,
  `PhotoSetID` int(20) NOT NULL,
  `Directory Path` text COLLATE utf8_bin NOT NULL,
  PRIMARY KEY (`FrameID`),
  KEY `SetID` (`PhotoSetID`),
  CONSTRAINT `Photos_ibfk_1` FOREIGN KEY (`PhotoSetID`) REFERENCES `PhotoSets` (`PhotoSetID`)
) ENGINE=InnoDB DEFAULT CHARSET=utf8 COLLATE=utf8_bin;

LOCK TABLES `Photos` WRITE;
/*!40000 ALTER TABLE `Photos` DISABLE KEYS */;

INSERT INTO `Photos` (`FrameID`, `PhotoSetID`, `Directory Path`)
VALUES
	(1,1,X'636F6E7465787420696D616765732F4261746D616E2E6A706567'),
	(2,2,X'636F6E7465787420696D616765732F436170747572652E504E47'),
	(3,3,X'636F6E7465787420696D616765732F74756D626C65722D6261746D6F62696C652D7265706C6963612E6A7067'),
	(4,4,X'636F6E7465787420696D616765732F35316B69666C544A4F444C2E5F534C313230305F2E6A7067'),
	(5,4,X'636F6E7465787420696D616765732F32353070782D4261746D616E5F616E645F526F62696E5F457465726E616C5F315F56617269616E742E706E67'),
	(6,4,X'636F6E7465787420696D616765732F436170747572652E504E47'),
	(7,4,X'636F6E7465787420696D616765732F74756D626C65722D6261746D6F62696C652D7265706C6963612E6A7067'),
	(8,4,X'636F6E7465787420696D616765732F4261746D616E2E6A706567'),
	(9,4,X'636F6E7465787420696D616765732F6A7573746963655F6C65616775655F6261746D616E5F736D696C65735F62795F6261746D616E6D6F756D656E2D6462756F6868322E6A7067'),
	(10,4,X'636F6E7465787420696D616765732F6A7573746963652D6C65616775652D6261746D616E2D69726F6E2D73747564696F732D7374617475652D313032393137342D3132383078302E6A7067'),
	(11,5,X'636F6E7465787420696D616765732F4261746D616E2E6A7067'),
	(12,5,X'636F6E7465787420696D616765732F6A7573746963652D6C65616775652D6261746D616E2D69726F6E2D73747564696F732D7374617475652D313032393137342D3132383078302E6A7067'),
	(13,6,X'636F6E7465787420696D616765732F7468652D666C6173682D736561736F6E2D342D636F6E6669726D65642E6A7067'),
	(14,6,X'636F6E7465787420696D616765732F506E4D3269552E6A7067'),
	(48,44,X'7265636F726420696D616765732F37325F4261746D616E2E6A706567'),
	(52,48,X'636F6E7465787420696D616765732F365F74756D626C65722D6261746D6F62696C652D7265706C6963612E6A7067'),
	(53,49,X'636F6E7465787420696D616765732F33315F74756D626C65722D6261746D6F62696C652D7265706C6963612E6A7067'),
	(54,49,X'636F6E7465787420696D616765732F33315F4D6F766965732D47616C6C6572795F4A7573746963654C6561677565323031375F464C5F35396638626564313530613061352E31383534323636392E6A7067'),
	(57,51,X'636F6E7465787420696D616765732F33315F7468652D666C6173682D736561736F6E2D342D636F6E6669726D65642E6A7067'),
	(58,52,X'636F6E7465787420696D616765732F33315F352D63656E74696D65746572732D7065722D7365636F6E642D77616C6C7061706572382E706E67'),
	(59,53,X'636F6E7465787420696D616765732F33315F31342D2D2D6E65772D35322D313530363434353636373636335F31323830772E6A7067'),
	(60,54,X'636F6E7465787420696D616765732F33315F476F7468616D5F436974792E706E67'),
	(61,55,X'636F6E7465787420696D616765732F345F476F7468616D5F436974792E706E67'),
	(62,56,X'7265636F726420696D616765732F37395F696D616765732E6A706567'),
	(63,56,X'7265636F726420696D616765732F37395F732D6C3330302E6A7067'),
	(72,56,X'7265636F726420696D616765732F37395F35316B69666C544A4F444C2E5F534C313230305F2E6A7067'),
	(75,63,X'7265636F726420696D616765732F36345F6265726D7564612D312D6D61727469616E732D6D6F6E73746572732D6F722D6D657468616E652D6D79737465726965732D6F662D7468652D6265726D7564612D747269616E676C652D6578706C61696E65642D6A7065672D323238333833312E6A7067'),
	(76,64,X'7265636F726420696D616765732F315F74756D626C65722D6261746D6F62696C652D7265706C6963612E6A7067'),
	(77,65,X'7265636F726420696D616765732F365F34643932633233356133323334656131343463316636393761633433653033352E6A7067'),
	(78,66,X'7265636F726420696D616765732F31385F312D312D5363616C652D46756C6C2D4D6574616C2D54686F722D48616D6D65722D4D6A6F6C6E69722D312D312D5265706C6963612D54686F722D437573746F6D2D436F73706C61792D48616D6D65722D436F6C6C656374696F6E2E6A70675F363430783634302E6A7067'),
	(79,67,X'7265636F726420696D616765732F345F4D61696E5F302E706E6737413635354639372D443537362D343330312D393433312D3846323546324432444535444F726967696E616C2E6A7067'),
	(80,68,X'7265636F726420696D616765732F38355F45313645353446392D304245372D343930382D414535312D3845353545374235303937462E6A706567'),
	(81,69,X'7265636F726420696D616765732F395F5A4555535F4C49474854494E47494E2E706E67'),
	(82,70,X'7265636F726420696D616765732F38365F31353139383962643266356463353138643231363763663230333937326435342E6A7067'),
	(84,72,X'7265636F726420696D616765732F38375F687164656661756C742E6A7067'),
	(86,67,X'7265636F726420696D616765732F345F544232685151436352306B7075466A79317A6458585875555658615F21213631323936363235322E6A7067'),
	(90,76,X'636F6E7465787420696D616765732F335F476F7468616D5F436974792E706E67');

/*!40000 ALTER TABLE `Photos` ENABLE KEYS */;
UNLOCK TABLES;


# Dump of table PhotoSet-Context Links
# ------------------------------------------------------------

DROP TABLE IF EXISTS `PhotoSet-Context Links`;

CREATE TABLE `PhotoSet-Context Links` (
  `LinkID` int(20) NOT NULL AUTO_INCREMENT,
  `PhotoSetID` int(20) NOT NULL,
  `ContextID` int(20) NOT NULL,
  PRIMARY KEY (`LinkID`),
  KEY `PhotoSetID` (`PhotoSetID`),
  KEY `ContextID` (`ContextID`),
  CONSTRAINT `PhotoSet-Context Links_ibfk_1` FOREIGN KEY (`ContextID`) REFERENCES `Context_Records` (`ContextID`),
  CONSTRAINT `PhotoSet-Context Links_ibfk_2` FOREIGN KEY (`PhotoSetID`) REFERENCES `PhotoSets` (`PhotoSetID`)
) ENGINE=InnoDB DEFAULT CHARSET=utf8 COLLATE=utf8_bin;

LOCK TABLES `PhotoSet-Context Links` WRITE;
/*!40000 ALTER TABLE `PhotoSet-Context Links` DISABLE KEYS */;

INSERT INTO `PhotoSet-Context Links` (`LinkID`, `PhotoSetID`, `ContextID`)
VALUES
	(1,1,19),
	(3,2,19),
	(4,4,29),
	(7,5,29),
	(8,6,29),
	(17,48,6),
	(18,49,31),
	(19,51,31),
	(20,52,31),
	(21,53,31),
	(22,54,31),
	(23,55,4),
	(24,76,3);

/*!40000 ALTER TABLE `PhotoSet-Context Links` ENABLE KEYS */;
UNLOCK TABLES;


# Dump of table PhotoSet-Find Links
# ------------------------------------------------------------

DROP TABLE IF EXISTS `PhotoSet-Find Links`;

CREATE TABLE `PhotoSet-Find Links` (
  `LinkID` int(11) NOT NULL AUTO_INCREMENT,
  `PhotoSetID` int(11) NOT NULL,
  `FindID` int(11) NOT NULL,
  PRIMARY KEY (`LinkID`),
  KEY `PhotoSetID` (`PhotoSetID`),
  KEY `FindID` (`FindID`),
  CONSTRAINT `PhotoSet-Find Links_ibfk_1` FOREIGN KEY (`PhotoSetID`) REFERENCES `PhotoSets` (`PhotoSetID`),
  CONSTRAINT `PhotoSet-Find Links_ibfk_2` FOREIGN KEY (`FindID`) REFERENCES `Finds` (`FindID`)
) ENGINE=InnoDB DEFAULT CHARSET=utf8 COLLATE=utf8_bin;

LOCK TABLES `PhotoSet-Find Links` WRITE;
/*!40000 ALTER TABLE `PhotoSet-Find Links` DISABLE KEYS */;

INSERT INTO `PhotoSet-Find Links` (`LinkID`, `PhotoSetID`, `FindID`)
VALUES
	(31,44,72),
	(36,56,79),
	(43,63,64),
	(44,64,1),
	(45,65,6),
	(46,66,18),
	(47,67,4),
	(48,68,85),
	(49,69,9),
	(50,70,86),
	(52,72,87);

/*!40000 ALTER TABLE `PhotoSet-Find Links` ENABLE KEYS */;
UNLOCK TABLES;


# Dump of table PhotoSets
# ------------------------------------------------------------

DROP TABLE IF EXISTS `PhotoSets`;

CREATE TABLE `PhotoSets` (
  `PhotoSetID` int(20) NOT NULL AUTO_INCREMENT,
  `SiteCode` int(11) NOT NULL,
  `Trench` varchar(20) COLLATE utf8_bin NOT NULL,
  `Description` text COLLATE utf8_bin NOT NULL,
  `Direction` varchar(5) COLLATE utf8_bin NOT NULL,
  `Date` date NOT NULL,
  PRIMARY KEY (`PhotoSetID`),
  KEY `SiteCode` (`SiteCode`),
  CONSTRAINT `PhotoSets_ibfk_1` FOREIGN KEY (`SiteCode`) REFERENCES `Site` (`SiteCode`)
) ENGINE=InnoDB DEFAULT CHARSET=utf8 COLLATE=utf8_bin;

LOCK TABLES `PhotoSets` WRITE;
/*!40000 ALTER TABLE `PhotoSets` DISABLE KEYS */;

INSERT INTO `PhotoSets` (`PhotoSetID`, `SiteCode`, `Trench`, `Description`, `Direction`, `Date`)
VALUES
	(1,12,X'747231',X'54657374207069637475726520646573',X'45617374','2018-04-08'),
	(2,12,X'747231','',X'45617374','2018-04-10'),
	(3,12,X'747232',X'746573742070686F746F20736574',X'57657374','2018-04-12'),
	(4,12,X'747232',X'746573742070686F746F73657420',X'57657374','2018-04-14'),
	(5,12,X'747232',X'7465737420736F757468',X'536F757468','2018-04-14'),
	(6,12,X'747232',X'6E6F727468',X'4E6F727468','2018-04-14'),
	(44,2,X'747232','',X'','2018-04-23'),
	(48,2,X'747231',X'54686973206973206E65772070686F746F736574',X'57657374','2018-04-23'),
	(49,13,X'747231',X'5445535420222220616E64202727',X'45617374','2018-04-23'),
	(51,13,X'747231',X'64657363',X'45617374','2018-04-23'),
	(52,13,X'747231',X'4E6F727468',X'4E6F727468','2018-04-23'),
	(53,13,X'747231',X'2E2E2E',X'4E6F727468','2018-04-23'),
	(54,13,X'747231',X'536F757468',X'536F757468','2018-04-23'),
	(55,1,X'747231',X'70696374757265206F6620476F7468616D2063697479',X'45617374','2018-04-24'),
	(56,13,X'747231',X'546869732070686F746F207365742062656C6F6E677320746F2046696E6449443A',X'','2018-04-24'),
	(63,3,X'747232',X'546869732070686F746F207365742062656C6F6E677320746F2046696E6449443A3634',X'','2018-04-23'),
	(64,1,X'747231',X'546869732070686F746F207365742062656C6F6E677320746F2046696E6449443A31',X'','2018-03-14'),
	(65,1,X'747231',X'546869732070686F746F207365742062656C6F6E677320746F2046696E6449443A36',X'','2018-03-08'),
	(66,12,X'747231',X'546869732070686F746F207365742062656C6F6E677320746F2046696E6449443A3138',X'','2018-04-11'),
	(67,5,X'747231',X'546869732070686F746F207365742062656C6F6E677320746F2046696E6449443A34',X'','2018-04-23'),
	(68,13,X'747231',X'546869732070686F746F207365742062656C6F6E677320746F2046696E6449443A3835',X'','2018-04-25'),
	(69,5,X'747231',X'546869732070686F746F207365742062656C6F6E677320746F2046696E6449443A39',X'','2018-03-27'),
	(70,5,X'747231',X'546869732070686F746F207365742062656C6F6E677320746F2046696E6449443A3836',X'','2018-04-25'),
	(72,5,X'747231',X'546869732070686F746F207365742062656C6F6E677320746F2046696E6449443A3837',X'','2018-04-25'),
	(76,1,X'747231',X'476F7468616D20706963',X'45617374','2018-04-26');

/*!40000 ALTER TABLE `PhotoSets` ENABLE KEYS */;
UNLOCK TABLES;


# Dump of table Site
# ------------------------------------------------------------

DROP TABLE IF EXISTS `Site`;

CREATE TABLE `Site` (
  `SiteCode` int(11) NOT NULL AUTO_INCREMENT,
  `SiteName` varchar(45) COLLATE utf8_bin NOT NULL,
  `Description` text COLLATE utf8_bin NOT NULL,
  PRIMARY KEY (`SiteCode`)
) ENGINE=InnoDB DEFAULT CHARSET=utf8 COLLATE=utf8_bin;

LOCK TABLES `Site` WRITE;
/*!40000 ALTER TABLE `Site` DISABLE KEYS */;

INSERT INTO `Site` (`SiteCode`, `SiteName`, `Description`)
VALUES
	(1,X'476F7468616D',X'46697273742053697465'),
	(2,X'5975204769204F48',X'5365636F6E642053697465'),
	(3,X'4269726D75646120547269616E676C65',X'54686973207369746520697320696E20746865206D6964646C65206F662074686520736561'),
	(4,X'41746C616E746973',X'54686973207369746520697320696E20756E64657220746865207365612E'),
	(5,X'4F6C796D707573',X'546869732069732077686572652074686520676F6473206C697665'),
	(6,X'4E61726E6961',X'546869732069732074686520776F726C642063616E20626520666F756E6420696E207468652077617264726F6265206F6E6C79'),
	(7,X'54657261626974686961',X'42726964676520746F2054657261626974686961'),
	(10,X'42616B65722046616D696C79204661726D',X'41206661726D686F7573652066726F6D205265736964656E74204576696C2037'),
	(11,X'536B7972696D',X'7468697320697320746865207369746520696E2074686520536B7972696D207768696368206973206E6F74207265616C'),
	(12,X'4A61636B436F6C65',X'6275696C64696E67'),
	(13,X'4F6C642054726166666F7264',X'4F6C642054726166666F7264206973206120666F6F7462616C6C207374616469756D20696E204F6C642054726166666F72642C2047726561746572204D616E636865737465722C20456E676C616E642C20616E642074686520686F6D65206F66204D616E6368657374657220556E697465642E');

/*!40000 ALTER TABLE `Site` ENABLE KEYS */;
UNLOCK TABLES;


# Dump of table Users
# ------------------------------------------------------------

DROP TABLE IF EXISTS `Users`;

CREATE TABLE `Users` (
  `UserID` int(20) NOT NULL AUTO_INCREMENT,
  `Username` varchar(30) COLLATE utf8_bin NOT NULL,
  `Password` varchar(30) COLLATE utf8_bin NOT NULL,
  `First Name` varchar(50) COLLATE utf8_bin NOT NULL,
  `Last Name` varchar(50) COLLATE utf8_bin NOT NULL,
  `Position` varchar(50) COLLATE utf8_bin NOT NULL,
  PRIMARY KEY (`UserID`)
) ENGINE=InnoDB DEFAULT CHARSET=utf8 COLLATE=utf8_bin;

LOCK TABLES `Users` WRITE;
/*!40000 ALTER TABLE `Users` DISABLE KEYS */;

INSERT INTO `Users` (`UserID`, `Username`, `Password`, `First Name`, `Last Name`, `Position`)
VALUES
	(1,X'7068757269776174',X'313233343536',X'5068757269776174',X'576F727261776963686169706174',X'41646D696E6973747261746F72'),
	(2,X'616E6E61',X'313233343536',X'416E6E61',X'536F626F6E',X'41646D696E6973747261746F72'),
	(4,X'6E6174746173616E',X'313233343536',X'4E6174746173616E',X'496E636861697961',X'41646D696E6973747261746F72'),
	(7,X'696E7468756368',X'313233343536',X'496E7468756368',X'54686572646368616E616B756C',X'41646D696E6973747261746F72'),
	(9,X'6C617261',X'313233343536',X'4C617261',X'43726F6674',X''),
	(10,X'61646D696E',X'313233343536',X'4976616E',X'506574726F76',X'41646D696E6973747261746F72');

/*!40000 ALTER TABLE `Users` ENABLE KEYS */;
UNLOCK TABLES;



/*!40111 SET SQL_NOTES=@OLD_SQL_NOTES */;
/*!40101 SET SQL_MODE=@OLD_SQL_MODE */;
/*!40014 SET FOREIGN_KEY_CHECKS=@OLD_FOREIGN_KEY_CHECKS */;
/*!40101 SET CHARACTER_SET_CLIENT=@OLD_CHARACTER_SET_CLIENT */;
/*!40101 SET CHARACTER_SET_RESULTS=@OLD_CHARACTER_SET_RESULTS */;
/*!40101 SET COLLATION_CONNECTION=@OLD_COLLATION_CONNECTION */;
